<?xml version="1.0"?>
<doc>
    <assembly>
        <name>WaveletStudio</name>
    </assembly>
    <members>
        <member name="T:WaveletStudio.SignalGeneration.Triangle">
            <summary>
             Create a signal based on a triangle wave: y(x) = A * (1-4*abs(round(t-0.25)-(t-0.25))) + D, where: 
             t   -> (f*x+Phi)
             A   -> Amplitude
             f   -> Frequency
             phi -> Phase
             D   -> Offset
            </summary>
        </member>
        <member name="T:WaveletStudio.SignalGeneration.CommonSignalBase">
            <summary>
            Common signal base
            </summary>
        </member>
        <member name="F:WaveletStudio.SignalGeneration.CommonSignalBase.IgnoreLastSample">
            <summary>
            Defines it the last sample will be included in signal
            </summary>
        </member>
        <member name="M:WaveletStudio.SignalGeneration.CommonSignalBase.ExecuteSampler">
            <summary>
            Executes the sampler
            </summary>
            <returns></returns>
        </member>
        <member name="M:WaveletStudio.SignalGeneration.CommonSignalBase.GetFinish">
            <summary>
            Get the finish of the signal considering the seleccted EndingOption
            </summary>
            <returns></returns>
        </member>
        <member name="M:WaveletStudio.SignalGeneration.CommonSignalBase.#ctor">
            <summary>
            Constructor
            </summary>
        </member>
        <member name="M:WaveletStudio.SignalGeneration.CommonSignalBase.Clone">
            <summary>
            Creates a cloned 
            </summary>
            <returns></returns>
        </member>
        <member name="P:WaveletStudio.SignalGeneration.CommonSignalBase.Name">
            <summary>
            Name of the signal
            </summary>
        </member>
        <member name="P:WaveletStudio.SignalGeneration.CommonSignalBase.Description">
            <summary>
            Description
            </summary>
        </member>
        <member name="P:WaveletStudio.SignalGeneration.CommonSignalBase.Start">
            <summary>
            Start of the signal in time
            </summary>
        </member>
        <member name="P:WaveletStudio.SignalGeneration.CommonSignalBase.Finish">
            <summary>
            Finish of the signal in time
            </summary>
        </member>
        <member name="P:WaveletStudio.SignalGeneration.CommonSignalBase.Amplitude">
            <summary>
            Amplitude of the signal
            </summary>
        </member>
        <member name="P:WaveletStudio.SignalGeneration.CommonSignalBase.Frequency">
            <summary>
            Frequency of the signal
            </summary>
        </member>
        <member name="P:WaveletStudio.SignalGeneration.CommonSignalBase.Phase">
            <summary>
            The initial angle of function at its origin
            </summary>
        </member>
        <member name="P:WaveletStudio.SignalGeneration.CommonSignalBase.Offset">
            <summary>
            Distance from the origin
            </summary>
        </member>
        <member name="P:WaveletStudio.SignalGeneration.CommonSignalBase.SamplingInterval">
            <summary>
            Gets or sets  the interval of samples (1/SamplingRate)
            </summary>
            <returns></returns>
        </member>
        <member name="P:WaveletStudio.SignalGeneration.CommonSignalBase.SamplingRate">
            <summary>
            Sampling rate used on sampling
            </summary>
        </member>
        <member name="M:WaveletStudio.SignalGeneration.Triangle.ExecuteSampler">
            <summary>
            Generates the signal
            </summary>
            <returns></returns>
        </member>
        <member name="P:WaveletStudio.SignalGeneration.Triangle.Name">
            <summary>
            Name
            </summary>
        </member>
        <member name="T:WaveletStudio.Blocks.CustomAttributes.Parameter">
            <summary>
            Parameter
            </summary>
        </member>
        <member name="T:WaveletStudio.Blocks.ScalarOperationBlock">
            <summary>
            Executes a scalar operation in a signal
            </summary>
        </member>
        <member name="T:WaveletStudio.Blocks.BlockBase">
            <summary>
            Defines a processing block
            </summary>
        </member>
        <member name="F:WaveletStudio.Blocks.BlockBase.InputNodes">
            <summary>
            Inputs
            </summary>
        </member>
        <member name="F:WaveletStudio.Blocks.BlockBase.OutputNodes">
            <summary>
            Outputs
            </summary>
        </member>
        <member name="M:WaveletStudio.Blocks.BlockBase.Execute">
            <summary>
            Execute the block
            </summary>
        </member>
        <member name="M:WaveletStudio.Blocks.BlockBase.CreateNodes(WaveletStudio.Blocks.BlockBase@)">
            <summary>
            Creates the input and output nodes
            </summary>
            <param name="root"></param>
        </member>
        <member name="M:WaveletStudio.Blocks.BlockBase.#ctor">
            <summary>
            Constructor
            </summary>
        </member>
        <member name="M:WaveletStudio.Blocks.BlockBase.Clone">
            <summary>
            Clone this block to a new one
            </summary>
            <returns></returns>
        </member>
        <member name="M:WaveletStudio.Blocks.BlockBase.CloneWithLinks">
            <summary>
            Clones this block but mantains the links
            </summary>
            <returns></returns>
        </member>
        <member name="M:WaveletStudio.Blocks.BlockBase.MemberwiseClone">
            <summary>
            Clones this object
            </summary>
            <returns></returns>
        </member>
        <member name="M:WaveletStudio.Blocks.BlockBase.MemberwiseCloneWithLinks">
            <summary>
            Clones this object
            </summary>
            <returns></returns>
        </member>
        <member name="P:WaveletStudio.Blocks.BlockBase.Id">
            <summary>
            Id of the block (changes for each instance)
            </summary>
        </member>
        <member name="P:WaveletStudio.Blocks.BlockBase.Name">
            <summary>
            Name of the block
            </summary>
        </member>
        <member name="P:WaveletStudio.Blocks.BlockBase.Description">
            <summary>
            Description of the block
            </summary>
        </member>
        <member name="P:WaveletStudio.Blocks.BlockBase.Cascade">
            <summary>
            Defines if the Execute method should be cascaded to the connected blocks
            </summary>
        </member>
        <member name="P:WaveletStudio.Blocks.BlockBase.ProcessingType">
            <summary>
            Type of action done by this block
            </summary>
        </member>
        <member name="T:WaveletStudio.Blocks.BlockBase.ProcessingTypeEnum">
            <summary>
            Type of action done by the block
            </summary>
        </member>
        <member name="F:WaveletStudio.Blocks.BlockBase.ProcessingTypeEnum.LoadSignal">
            <summary>
            The block loads an external signal
            </summary>
        </member>
        <member name="F:WaveletStudio.Blocks.BlockBase.ProcessingTypeEnum.CreateSignal">
            <summary>
            The block creates a signal
            </summary>
        </member>
        <member name="F:WaveletStudio.Blocks.BlockBase.ProcessingTypeEnum.Operation">
            <summary>
            The block makes some operation in a block
            </summary>
        </member>
        <member name="F:WaveletStudio.Blocks.BlockBase.ProcessingTypeEnum.InsertDisturbance">
            <summary>
            The block insert disturbances or noise to the signal
            </summary>
        </member>
        <member name="F:WaveletStudio.Blocks.BlockBase.ProcessingTypeEnum.Export">
            <summary>
            The block exports the signal
            </summary>
        </member>
        <member name="M:WaveletStudio.Blocks.ScalarOperationBlock.#ctor">
            <summary>
            Constructor
            </summary>
        </member>
        <member name="M:WaveletStudio.Blocks.ScalarOperationBlock.Execute">
            <summary>
            Executes the block
            </summary>
        </member>
        <member name="M:WaveletStudio.Blocks.ScalarOperationBlock.Clone">
            <summary>
            Clones this block
            </summary>
            <returns></returns>
        </member>
        <member name="M:WaveletStudio.Blocks.ScalarOperationBlock.CloneWithLinks">
            <summary>
            Clones this block but mantains the links
            </summary>
            <returns></returns>
        </member>
        <member name="P:WaveletStudio.Blocks.ScalarOperationBlock.Name">
            <summary>
            Name of the block
            </summary>
        </member>
        <member name="P:WaveletStudio.Blocks.ScalarOperationBlock.Description">
            <summary>
            Description of the block
            </summary>
        </member>
        <member name="P:WaveletStudio.Blocks.ScalarOperationBlock.ProcessingType">
            <summary>
            Processing type
            </summary>
        </member>
        <member name="P:WaveletStudio.Blocks.ScalarOperationBlock.Operation">
            <summary>
            Math operation to be used
            </summary>
        </member>
        <member name="P:WaveletStudio.Blocks.ScalarOperationBlock.Value">
            <summary>
            Scalar value
            </summary>
        </member>
        <member name="T:WaveletStudio.Blocks.BlockNodeBase">
            <summary>
            Base of the nodes
            </summary>
        </member>
        <member name="M:WaveletStudio.Blocks.BlockNodeBase.#ctor">
            <summary>
            Constructor
            </summary>
        </member>
        <member name="M:WaveletStudio.Blocks.BlockNodeBase.#ctor(WaveletStudio.Blocks.BlockBase@,System.String,System.String)">
            <summary>
            Constructor
            </summary>
            <param name="root">The block object thar contains this node</param>
            <param name="name">Name</param>
            <param name="shortName">Short name</param>
        </member>
        <member name="M:WaveletStudio.Blocks.BlockNodeBase.ConnectTo(WaveletStudio.Blocks.BlockNodeBase@)">
            <summary>
            Connect this input node to another node in other block
            </summary>
            <param name="node"></param>
        </member>
        <member name="P:WaveletStudio.Blocks.BlockNodeBase.Root">
            <summary>
            The block that contains this node
            </summary>
        </member>
        <member name="P:WaveletStudio.Blocks.BlockNodeBase.Name">
            <summary>
            Name of the node
            </summary>
        </member>
        <member name="P:WaveletStudio.Blocks.BlockNodeBase.ShortName">
            <summary>
            Short name
            </summary>
        </member>
        <member name="P:WaveletStudio.Blocks.BlockNodeBase.ConnectingNode">
            <summary>
            The another node connected to this
            </summary>
        </member>
        <member name="T:WaveletStudio.SignalGeneration.Sawtooth">
            <summary>
             Create a signal based on a sawtooth wave: y(x) = A * 2*((f*x+phi) - floor((f*x+phi) +0.5)) + D, where: 
             A   -> Amplitude
             f   -> Frequency
             phi -> Phase
             D   -> Offset
            </summary>
        </member>
        <member name="M:WaveletStudio.SignalGeneration.Sawtooth.ExecuteSampler">
            <summary>
            Generates the signal
            </summary>
            <returns></returns>
        </member>
        <member name="P:WaveletStudio.SignalGeneration.Sawtooth.Name">
            <summary>
            Name
            </summary>
        </member>
        <member name="T:WaveletStudio.SignalGeneration.Sine">
            <summary>
             Create a signal based on a sinusoid: y(x) = A * sin(2 * PI * (f * x + phi)) + D, where: 
             A   -> Amplitude
             f   -> Frequency
             phi -> Phase
             D   -> Offset
            </summary>  
        </member>
        <member name="M:WaveletStudio.SignalGeneration.Sine.ExecuteSampler">
            <summary>
            Generates the signal
            </summary>
            <returns></returns>
        </member>
        <member name="P:WaveletStudio.SignalGeneration.Sine.Name">
            <summary>
            Name
            </summary>
        </member>
        <member name="T:WaveletStudio.Blocks.BlockInputNode">
            <summary>
            Input node of an block
            </summary>
        </member>
        <member name="M:WaveletStudio.Blocks.BlockInputNode.#ctor(WaveletStudio.Blocks.BlockBase@,System.String,System.String)">
            <summary>
            Constructor
            </summary>
            <param name="root">The block object thar contains this node</param>
            <param name="name">Name of the input</param>
            <param name="shortName">Short name</param>
        </member>
        <member name="M:WaveletStudio.Blocks.BlockInputNode.ConnectTo(WaveletStudio.Blocks.BlockOutputNode)">
            <summary>
            Connect this input node to an output node in other block
            </summary>
            <param name="node"></param>
        </member>
        <member name="M:WaveletStudio.Blocks.BlockInputNode.ConnectTo(WaveletStudio.Blocks.BlockOutputNode@)">
            <summary>
            Connect this input node to an output node in other block
            </summary>
            <param name="node"></param>
        </member>
        <member name="M:WaveletStudio.Blocks.BlockInputNode.Clone">
            <summary>
            Clones this object
            </summary>
            <returns></returns>
        </member>
        <member name="T:WaveletStudio.Blocks.GenerateSignalBlock">
            <summary>
            Generates a signal based on a template
            </summary>
        </member>
        <member name="M:WaveletStudio.Blocks.GenerateSignalBlock.#ctor">
            <summary>
            Constructor
            </summary>
        </member>
        <member name="M:WaveletStudio.Blocks.GenerateSignalBlock.Execute">
            <summary>
            Executes the block
            </summary>
        </member>
        <member name="M:WaveletStudio.Blocks.GenerateSignalBlock.Clone">
            <summary>
            Clone the block, including the template
            </summary>
            <returns></returns>
        </member>
        <member name="M:WaveletStudio.Blocks.GenerateSignalBlock.CloneWithLinks">
            <summary>
            Clones this block but mantains the links
            </summary>
            <returns></returns>
        </member>
        <member name="P:WaveletStudio.Blocks.GenerateSignalBlock.Name">
            <summary>
            Name
            </summary>
        </member>
        <member name="P:WaveletStudio.Blocks.GenerateSignalBlock.Description">
            <summary>
            Description
            </summary>
        </member>
        <member name="P:WaveletStudio.Blocks.GenerateSignalBlock.ProcessingType">
            <summary>
            Processing type
            </summary>
        </member>
        <member name="P:WaveletStudio.Blocks.GenerateSignalBlock.TemplateNameList">
            <summary>
            Available templates
            </summary>
        </member>
        <member name="P:WaveletStudio.Blocks.GenerateSignalBlock.TemplateName">
            <summary>
            Template to be used
            </summary>
        </member>
        <member name="P:WaveletStudio.Blocks.GenerateSignalBlock.Amplitude">
            <summary>
            Amplitude of the signal
            </summary>
        </member>
        <member name="P:WaveletStudio.Blocks.GenerateSignalBlock.Frequency">
            <summary>
            Frequency of the signal
            </summary>
        </member>
        <member name="P:WaveletStudio.Blocks.GenerateSignalBlock.Phase">
            <summary>
            The initial angle of function at its origin
            </summary>
        </member>
        <member name="P:WaveletStudio.Blocks.GenerateSignalBlock.Offset">
            <summary>
            Distance from the origin
            </summary>
        </member>
        <member name="P:WaveletStudio.Blocks.GenerateSignalBlock.Start">
            <summary>
            Start of the signal in time
            </summary>
        </member>
        <member name="P:WaveletStudio.Blocks.GenerateSignalBlock.Finish">
            <summary>
            Finish of the signal in time
            </summary>
        </member>
        <member name="P:WaveletStudio.Blocks.GenerateSignalBlock.SamplingRate">
            <summary>
            Sampling rate used on sampling
            </summary>
        </member>
        <member name="P:WaveletStudio.Blocks.GenerateSignalBlock.IgnoreLastSample">
            <summary>
            Defines it the last sample will be included in signal
            </summary>
        </member>
        <member name="T:WaveletStudio.Blocks.ExportToCSVBlock">
            <summary>
            Export a signal to a CSV file
            </summary>
        </member>
        <member name="M:WaveletStudio.Blocks.ExportToCSVBlock.#ctor">
            <summary>
            Constructor
            </summary>
        </member>
        <member name="M:WaveletStudio.Blocks.ExportToCSVBlock.Execute">
            <summary>
            Executes the block
            </summary>
        </member>
        <member name="M:WaveletStudio.Blocks.ExportToCSVBlock.Clone">
            <summary>
            Clone the block, including the template
            </summary>
            <returns></returns>
        </member>
        <member name="M:WaveletStudio.Blocks.ExportToCSVBlock.CloneWithLinks">
            <summary>
            Clones this block but mantains the links
            </summary>
            <returns></returns>
        </member>
        <member name="P:WaveletStudio.Blocks.ExportToCSVBlock.Name">
            <summary>
            Name
            </summary>
        </member>
        <member name="P:WaveletStudio.Blocks.ExportToCSVBlock.Description">
            <summary>
            Description
            </summary>
        </member>
        <member name="P:WaveletStudio.Blocks.ExportToCSVBlock.ProcessingType">
            <summary>
            Processing type
            </summary>
        </member>
        <member name="T:WaveletStudio.Functions.WaveMath">
            <summary>
            Common math and statistical operations
            </summary>
        </member>
        <member name="M:WaveletStudio.Functions.WaveMath.Add(System.Double[],System.Double[])">
            <summary>
            Add two arrays
            </summary>
            <param name="array1"></param>
            <param name="array2"></param>
            <returns></returns>
        </member>
        <member name="M:WaveletStudio.Functions.WaveMath.Add(System.Double[],System.Double)">
            <summary>
            Sum all the samples in an array with a scalar value
            </summary>
            <param name="array"></param>
            <param name="scalar"></param>
            <returns></returns>
        </member>
        <member name="M:WaveletStudio.Functions.WaveMath.Subtract(System.Double[],System.Double[])">
            <summary>
            Subtract two arrays
            </summary>
            <param name="array1"></param>
            <param name="array2"></param>
            <returns></returns>
        </member>
        <member name="M:WaveletStudio.Functions.WaveMath.Subtract(System.Double[],System.Double)">
            <summary>
            Subtract all the samples in an array by a scalar value
            </summary>
            <param name="array"></param>
            <param name="scalar"></param>
            <returns></returns>
        </member>
        <member name="M:WaveletStudio.Functions.WaveMath.Multiply(System.Double[],System.Double[])">
            <summary>
            Multiply two arrays
            </summary>
            <param name="array1"></param>
            <param name="array2"></param>
            <returns></returns>
        </member>
        <member name="M:WaveletStudio.Functions.WaveMath.Multiply(System.Double[],System.Double)">
            <summary>
            Multiplies an array by a scalar value
            </summary>
            <param name="array"></param>
            <param name="scalar"></param>
            <returns></returns>
        </member>
        <member name="M:WaveletStudio.Functions.WaveMath.Divide(System.Double[],System.Double[])">
            <summary>
            Divide an array by other
            </summary>
            <param name="array1"></param>
            <param name="array2"></param>
            <returns></returns>
        </member>
        <member name="M:WaveletStudio.Functions.WaveMath.Divide(System.Double[],System.Double)">
            <summary>
            Divides an array by a scalar value
            </summary>
            <param name="array"></param>
            <param name="scalar"></param>
            <returns></returns>
        </member>
        <member name="M:WaveletStudio.Functions.WaveMath.GetAccumulatedEnergy(System.Double[])">
            <summary>
            Gets the accumulated energy of a signal
            </summary>
            <param name="samples"></param>
            <returns></returns>
        </member>
        <member name="M:WaveletStudio.Functions.WaveMath.GetEnergy(System.Double)">
            <summary>
            Gets the energy of a sample
            </summary>
            <param name="sample"></param>
            <returns></returns>
        </member>
        <member name="M:WaveletStudio.Functions.WaveMath.Mode(System.Double[])">
            <summary>
            Calculates the mode of an array
            </summary>
            <param name="samples"></param>
            <returns></returns>
        </member>
        <member name="M:WaveletStudio.Functions.WaveMath.Mean(System.Double[])">
            <summary>
            Calculates the mean of an array
            </summary>
            <param name="samples"></param>
            <returns></returns>
        </member>
        <member name="M:WaveletStudio.Functions.WaveMath.Abs(System.Double[])">
            <summary>
            Calculates the absulte value of an array
            </summary>
            <param name="samples"></param>
            <returns></returns>
        </member>
        <member name="M:WaveletStudio.Functions.WaveMath.AbsFromComplex(System.Double[])">
            <summary>
            Calculates the absulte value of an complex array
            </summary>
            <param name="samples"></param>
            <returns></returns>
        </member>
        <member name="M:WaveletStudio.Functions.WaveMath.Normalize(System.Double[],System.Int32)">
            <summary>
            Normalize an array dividing each sample by the array length
            </summary>
            <param name="samples"></param>
            <param name="samplesLength"></param>
            <returns></returns>
        </member>
        <member name="M:WaveletStudio.Functions.WaveMath.Unique(System.Double[])">
            <summary>
            Removes the repeated values in an array
            </summary>
            <param name="array"></param>
            <returns></returns>
        </member>
        <member name="M:WaveletStudio.Functions.WaveMath.Scale(System.Double,System.Double,System.Double,System.Double,System.Double)">
            <summary>
            Scales a number based in its minimun and maximum
            </summary>
            <param name="x"></param>
            <param name="currentMin"></param>
            <param name="currentMax"></param>
            <param name="newMin"></param>
            <param name="newMax"></param>
            <returns></returns>
        </member>
        <member name="M:WaveletStudio.Functions.WaveMath.NormalDistribution(System.Double[],System.Double,System.Double)">
            <summary>
            Calculates the normal (or Gaussian) distribution of an array
            </summary>
            <param name="x"></param>
            <param name="mean"></param>
            <param name="deviation"></param>
            <returns></returns>
        </member>
        <member name="M:WaveletStudio.Functions.WaveMath.NormalDistribution(System.Double,System.Double,System.Double)">
            <summary>
            Calculates the normal (or Gaussian) distribution of a sample
            </summary>
            <param name="x"></param>
            <param name="mean"></param>
            <param name="deviation"></param>
            <returns></returns>
        </member>
        <member name="M:WaveletStudio.Functions.WaveMath.NormalDensity(System.Double,System.Double,System.Double)">
            <summary>
            Calculates the normal density of a sample
            </summary>
            <param name="x"></param>
            <param name="mean"></param>
            <param name="deviation"></param>
            <returns></returns>
        </member>
        <member name="M:WaveletStudio.Functions.WaveMath.StandardDeviation(System.Double[])">
            <summary>
            Calculates the standard deviation of an array of samples
            </summary>
            <param name="x"></param>
            <returns></returns>
        </member>
        <member name="M:WaveletStudio.Functions.WaveMath.Convolve(WaveletStudio.Functions.ConvolutionModeEnum,System.Double[],System.Double[],System.Boolean,System.Int32,WaveletStudio.Functions.ManagedFFTModeEnum)">
            <summary>
            Convolves vectors input and filter.
            </summary>
            <param name="convolutionMode">Defines what convolution function should be used</param> 
            <param name="input">The input signal</param>
            <param name="filter">The filter</param>
            <param name="returnOnlyValid">True to return only the middle of the array</param>
            <param name="margin">Margin to be used if returnOnlyValid is set to true</param>
            <param name="mode">FFT mode</param>
            <returns></returns>
        </member>
        <member name="M:WaveletStudio.Functions.WaveMath.ConvolveNormal(System.Double[],System.Double[],System.Boolean,System.Int32)">
            <summary>
            Convolves vectors input and filter.
            </summary>
            <param name="input">The input signal</param>
            <param name="filter">The filter</param>
            <param name="returnOnlyValid">True to return only the middle of the array</param>
            <param name="margin">Margin to be used if returnOnlyValid is set to true</param>
            <returns></returns>
        </member>
        <member name="M:WaveletStudio.Functions.WaveMath.ConvolveManagedFFT(System.Double[],System.Double[],System.Boolean,System.Int32,WaveletStudio.Functions.ManagedFFTModeEnum)">
            <summary>
            Convolves vectors input and filter using a managed FFT algorithm.
            </summary>
            <param name="input">The input signal</param>
            <param name="filter">The filter</param>
            <param name="returnOnlyValid">True to return only the middle of the array</param>
            <param name="margin">Margin to be used if returnOnlyValid is set to true</param>
            <param name="mode">Mode</param>
            <returns></returns>
        </member>
        <member name="M:WaveletStudio.Functions.WaveMath.DownSample(System.Double[],System.Int32,System.Boolean)">
            <summary>
            Decreases the sampling rate of the input by keeping every odd sample starting with the first sample.
            </summary>
            <param name="input"></param>
            <param name="factor"></param>
            <param name="invert"></param>
            <returns></returns>
        </member>
        <member name="M:WaveletStudio.Functions.WaveMath.UpSample(System.Double[],System.Boolean,System.Int32)">
            <summary>
            Increases the sampling rate of the input by inserting n-1 zeros between samples. 
            </summary>
            <param name="input"></param>
            <param name="paddRight"></param>
            <param name="insertionCount"></param>
            <returns></returns>
        </member>
        <member name="T:WaveletStudio.Functions.WaveMath.OperationModeEnum">
            <summary>
            Operation Mode
            </summary>
        </member>
        <member name="F:WaveletStudio.Functions.WaveMath.OperationModeEnum.SampleBased">
            <summary>
            Sample by sample
            </summary>
        </member>
        <member name="F:WaveletStudio.Functions.WaveMath.OperationModeEnum.TimeBased">
            <summary>
            Correlate
            </summary>
        </member>
        <member name="T:WaveletStudio.Functions.WaveMath.OperationEnum">
            <summary>
            Operation
            </summary>
        </member>
        <member name="F:WaveletStudio.Functions.WaveMath.OperationEnum.Multiply">
            <summary>
            Multiply
            </summary>
        </member>
        <member name="F:WaveletStudio.Functions.WaveMath.OperationEnum.Sum">
            <summary>
            Sum
            </summary>
        </member>
        <member name="F:WaveletStudio.Functions.WaveMath.OperationEnum.Subtract">
            <summary>
            Subtract
            </summary>
        </member>
        <member name="F:WaveletStudio.Functions.WaveMath.OperationEnum.Divide">
            <summary>
            Divide
            </summary>
        </member>
        <member name="T:WaveletStudio.Blocks.BlockOutputNode">
            <summary>
            Output node of an block
            </summary>
        </member>
        <member name="M:WaveletStudio.Blocks.BlockOutputNode.#ctor">
            <summary>
            Constructor
            </summary>
        </member>
        <member name="M:WaveletStudio.Blocks.BlockOutputNode.#ctor(WaveletStudio.Blocks.BlockBase@,System.String,System.String)">
            <summary>
            Constructor
            </summary>
            <param name="root">The block object thar contains this node</param>
            <param name="name">Name of the output</param>
            <param name="shortName">Short name</param>
        </member>
        <member name="M:WaveletStudio.Blocks.BlockOutputNode.ConnectTo(WaveletStudio.Blocks.BlockInputNode)">
            <summary>
            Connect this output node to an input node in other block
            </summary>
            <param name="node"></param>
        </member>
        <member name="M:WaveletStudio.Blocks.BlockOutputNode.ConnectTo(WaveletStudio.Blocks.BlockInputNode@)">
            <summary>
            Connect this output node to an input node in other block
            </summary>
            <param name="node"></param>
        </member>
        <member name="M:WaveletStudio.Blocks.BlockOutputNode.Clone">
            <summary>
            Clones this object
            </summary>
            <returns></returns>
        </member>
        <member name="P:WaveletStudio.Blocks.BlockOutputNode.Object">
            <summary>
            Object generated by the block
            </summary>
        </member>
        <member name="T:WaveletStudio.Blocks.ConvolutionBlock">
            <summary>
            Executes a scalar operation in a dy
            </summary>
        </member>
        <member name="M:WaveletStudio.Blocks.ConvolutionBlock.#ctor">
            <summary>
            Constructor
            </summary>
        </member>
        <member name="M:WaveletStudio.Blocks.ConvolutionBlock.Execute">
            <summary>
            Executes the block
            </summary>
        </member>
        <member name="M:WaveletStudio.Blocks.ConvolutionBlock.Clone">
            <summary>
            Clones this block
            </summary>
            <returns></returns>
        </member>
        <member name="M:WaveletStudio.Blocks.ConvolutionBlock.CloneWithLinks">
            <summary>
            Clones this block but mantains the links
            </summary>
            <returns></returns>
        </member>
        <member name="P:WaveletStudio.Blocks.ConvolutionBlock.Name">
            <summary>
            Name of the block
            </summary>
        </member>
        <member name="P:WaveletStudio.Blocks.ConvolutionBlock.Description">
            <summary>
            Description of the block
            </summary>
        </member>
        <member name="P:WaveletStudio.Blocks.ConvolutionBlock.ConvolutionMode">
            <summary>
            The convolution mode to be used.
            </summary>
        </member>
        <member name="P:WaveletStudio.Blocks.ConvolutionBlock.Mode">
            <summary>
            The FFT mode to be used.
            </summary>
        </member>
        <member name="P:WaveletStudio.Blocks.ConvolutionBlock.ReturnOnlyValid">
            <summary>
            The block returns only the valid samples (central area)
            </summary>
        </member>
        <member name="P:WaveletStudio.Blocks.ConvolutionBlock.ProcessingType">
            <summary>
            Processing type
            </summary>
        </member>
        <member name="T:WaveletStudio.Signal">
            <summary>
            1-D Signal
            </summary>   
        </member>
        <member name="M:WaveletStudio.Signal.#ctor">
            <summary>
            Default constructor
            </summary>
        </member>
        <member name="M:WaveletStudio.Signal.#ctor(System.Double[])">
            <summary>
            Aditional constructor, passing an array of double with the samples of the signal
            </summary>
            <param name="samples">The samples of the signal</param>
        </member>
        <member name="M:WaveletStudio.Signal.#ctor(System.Double[],System.Int32)">
            <summary>
            Aditional constructor, passing an array of double with the samples of the signal and the number of samples per second
            </summary>
            <param name="samples">The samples of the signal</param>
            <param name="samplesPerSecond">Quantity of samples per second</param>
        </member>
        <member name="M:WaveletStudio.Signal.LengthIsPowerOf2">
            <summary>
            Informs that size of signal is a power of 2.
            </summary>
            <returns></returns>
        </member>
        <member name="M:WaveletStudio.Signal.MakeLengthPowerOfTwo">
            <summary>
            Resizes the signal until its length be a power of 2.
            </summary>
            <returns></returns>
        </member>
        <member name="M:WaveletStudio.Signal.ToString">
            <summary>
            Gets all the samples of the signal separated with a space
            </summary>
            <returns></returns>
        </member>
        <member name="M:WaveletStudio.Signal.ToString(System.Int32)">
            <summary>
            Gets all the samples of the signal separated with a space
            </summary>
            <param name="precision"></param>
            <returns></returns>
        </member>
        <member name="M:WaveletStudio.Signal.ToString(System.Int32,System.String)">
            <summary>
            Gets all the samples of the signal separated with the separator parameter
            </summary>
            <param name="precision"></param>
            <param name="separator"></param>
            <returns></returns>
        </member>
        <member name="M:WaveletStudio.Signal.GetSamplesPair">
            <summary>
            Get all the samples in a key value array pair
            </summary>
            <returns></returns>
        </member>
        <member name="M:WaveletStudio.Signal.Clone">
            <summary>
            Clones the signal, including the samples
            </summary>
            <returns></returns>
        </member>
        <member name="M:WaveletStudio.Signal.Copy">
            <summary>
            Clone the signal without cloning the samples
            </summary>
            <returns></returns>
        </member>
        <member name="P:WaveletStudio.Signal.Name">
            <summary>
            Name of the signal
            </summary>
        </member>
        <member name="P:WaveletStudio.Signal.Samples">
            <summary>
            Samples of the signal
            </summary>
        </member>
        <member name="P:WaveletStudio.Signal.IsComplex">
            <summary>
            Complex samples of the signal
            </summary>
        </member>
        <member name="P:WaveletStudio.Signal.SamplingRate">
            <summary>
            Sampling Rate
            </summary>
        </member>
        <member name="P:WaveletStudio.Signal.Start">
            <summary>
            Start of the signal in the time
            </summary>
        </member>
        <member name="P:WaveletStudio.Signal.Finish">
            <summary>
            Finish od the signal in the time
            </summary>
        </member>
        <member name="P:WaveletStudio.Signal.SamplingInterval">
            <summary>
            Interval in time between samples
            </summary>
        </member>
        <member name="T:WaveletStudio.Blocks.FFTBlock">
            <summary>
            FFT
            </summary>
        </member>
        <member name="M:WaveletStudio.Blocks.FFTBlock.#ctor">
            <summary>
            Constructor
            </summary>
        </member>
        <member name="M:WaveletStudio.Blocks.FFTBlock.Execute">
            <summary>
            Executes the block
            </summary>
        </member>
        <member name="M:WaveletStudio.Blocks.FFTBlock.Clone">
            <summary>
            Clones this block
            </summary>
            <returns></returns>
        </member>
        <member name="M:WaveletStudio.Blocks.FFTBlock.CloneWithLinks">
            <summary>
            Clones this block but mantains the links
            </summary>
            <returns></returns>
        </member>
        <member name="P:WaveletStudio.Blocks.FFTBlock.Name">
            <summary>
            Name of the block
            </summary>
        </member>
        <member name="P:WaveletStudio.Blocks.FFTBlock.Description">
            <summary>
            Description of the block
            </summary>
        </member>
        <member name="P:WaveletStudio.Blocks.FFTBlock.ProcessingType">
            <summary>
            Processing type
            </summary>
        </member>
        <member name="P:WaveletStudio.Blocks.FFTBlock.Mode">
            <summary>
            Computation mode
            </summary>
        </member>
        <member name="T:WaveletStudio.Blocks.IFFTBlock">
            <summary>
            IFFT
            </summary>
        </member>
        <member name="M:WaveletStudio.Blocks.IFFTBlock.#ctor">
            <summary>
            Constructor
            </summary>
        </member>
        <member name="M:WaveletStudio.Blocks.IFFTBlock.Execute">
            <summary>
            Executes the block
            </summary>
        </member>
        <member name="M:WaveletStudio.Blocks.IFFTBlock.Clone">
            <summary>
            Clones this block
            </summary>
            <returns></returns>
        </member>
        <member name="M:WaveletStudio.Blocks.IFFTBlock.CloneWithLinks">
            <summary>
            Clones this block but mantains the links
            </summary>
            <returns></returns>
        </member>
        <member name="P:WaveletStudio.Blocks.IFFTBlock.Name">
            <summary>
            Name of the block
            </summary>
        </member>
        <member name="P:WaveletStudio.Blocks.IFFTBlock.Description">
            <summary>
            Description of the block
            </summary>
        </member>
        <member name="P:WaveletStudio.Blocks.IFFTBlock.ProcessingType">
            <summary>
            Processing type
            </summary>
        </member>
        <member name="P:WaveletStudio.Blocks.IFFTBlock.Mode">
            <summary>
            Computation mode
            </summary>
        </member>
        <member name="T:WaveletStudio.SignalExtension">
            <summary>
            Signal extension methods
            </summary>
        </member>
        <member name="M:WaveletStudio.SignalExtension.Extend(System.Double[],WaveletStudio.SignalExtension.ExtensionMode,System.Int32)">
            <summary>
            Extends an array using the specified extension mode
            </summary>
            <param name="input">Array to extend</param>
            <param name="extensionMode">The extension mode</param>
            <param name="extensionSize">The extension size of the left and right sides (each one)</param>
            <returns></returns>
        </member>
        <member name="M:WaveletStudio.SignalExtension.Deextend(System.Double[],System.Int32)">
            <summary>
            Deextends an array, returning only its middle part
            </summary>
            <param name="input">Array to extend</param>
            <param name="size">The extension size of the left and right sides (each one)</param>
            <returns></returns>
        </member>
        <member name="M:WaveletStudio.SignalExtension.NextPowerOf2(System.Int32)">
            <summary>
            Gets the next power of 2 of an number
            </summary>
            <param name="number"></param>
            <returns></returns>
        </member>
        <member name="T:WaveletStudio.SignalExtension.ExtensionMode">
            <summary>
            Extension modes
            </summary>
        </member>
        <member name="F:WaveletStudio.SignalExtension.ExtensionMode.SymmetricHalfPoint">
            <summary>
            Symmetric-padding (half-point): boundary value symmetric replication
            </summary>
        </member>
        <member name="F:WaveletStudio.SignalExtension.ExtensionMode.SymmetricWholePoint">
            <summary>
            Symmetric-padding (whole-point): boundary value symmetric replication
            </summary>
        </member>
        <member name="F:WaveletStudio.SignalExtension.ExtensionMode.AntisymmetricHalfPoint">
            <summary>
            Antisymmetric-padding (half-point): boundary value antisymmetric replication
            </summary>
        </member>
        <member name="F:WaveletStudio.SignalExtension.ExtensionMode.AntisymmetricWholePoint">
            <summary>
            Antisymmetric-padding (whole-point): boundary value antisymmetric replication
            </summary>
        </member>
        <member name="F:WaveletStudio.SignalExtension.ExtensionMode.PeriodicPadding">
            <summary>
            Periodized extension
            </summary>
        </member>
        <member name="F:WaveletStudio.SignalExtension.ExtensionMode.ZeroPadding">
            <summary>
            Zero extension
            </summary>
        </member>
        <member name="F:WaveletStudio.SignalExtension.ExtensionMode.SmoothPadding0">
            <summary>
            Smooth extension of order 0 (Continuous)
            </summary>
        </member>
        <member name="F:WaveletStudio.SignalExtension.ExtensionMode.SmoothPadding1">
            <summary>
            Smooth extension of order 1
            </summary>
        </member>
        <member name="T:WaveletStudio.SignalGeneration.Cosine">
            <summary>
             Create a signal based on a sinusoid: y(x) = A * cos(2 * PI * (f * x + phi)) + D, where: 
             A   -> Amplitude
             f   -> Frequency
             phi -> Phase
             D   -> Offset
            </summary>  
        </member>
        <member name="M:WaveletStudio.SignalGeneration.Cosine.ExecuteSampler">
            <summary>
            Generates the signal
            </summary>
            <returns></returns>
        </member>
        <member name="P:WaveletStudio.SignalGeneration.Cosine.Name">
            <summary>
            Name
            </summary>
        </member>
        <member name="T:WaveletStudio.FFT.ManagedFFT">
            <summary>
            Represent a class that performs real or complex valued Fast Fourier 
            Transforms. Instantiate it and use the FFT or TableFFT methods to 
            compute complex to complex FFTs. Use FFTReal for real to complex 
            FFTs which are much faster than standard FFTs.
            </summary>
        </member>
        <member name="M:WaveletStudio.FFT.ManagedFFT.FFT(System.Double[]@,System.Boolean,WaveletStudio.Functions.ManagedFFTModeEnum)">
            <summary>
            Compute the forward or inverse Fourier Transform of data using the specified mode
            </summary>
            <param name="data">The complex data stored as alternating real and imaginary parts</param>
            <param name="forward">true for a forward transform, false for inverse transform</param>
            <param name="mode">Mode to be used</param>
        </member>
        <member name="M:WaveletStudio.FFT.ManagedFFT.DynamicFFT(System.Double[]@,System.Boolean)">
            <summary>
            Compute the forward or inverse Fourier Transform of data, with 
            data containing complex valued data as alternating real and 
            imaginary parts. The length must be a power of 2.
            </summary>
            <param name="data">The complex data stored as alternating real 
            and imaginary parts</param>
            <param name="forward">true for a forward transform, false for 
            inverse transform</param>
        </member>
        <member name="M:WaveletStudio.FFT.ManagedFFT.TableFFT(System.Double[]@,System.Boolean)">
            <summary>
            Compute the forward or inverse Fourier Transform of data, with data
            containing complex valued data as alternating real and imaginary 
            parts. The length must be a power of 2. This method caches values 
            and should be slightly faster on repeated uses than then FFT method. 
            It is also slightly more accurate.
            </summary>
            <param name="data">The complex data stored as alternating real 
            and imaginary parts</param>
            <param name="forward">true for a forward transform, false for 
            inverse transform</param>
        </member>
        <member name="M:WaveletStudio.FFT.ManagedFFT.RealFFT(System.Double[]@,System.Boolean)">
            <summary>
            Compute the forward or inverse Fourier Transform of data, with 
            data containing real valued data only. The output is complex 
            valued after the first two entries, stored in alternating real 
            and imaginary parts. The first two returned entries are the real 
            parts of the first and last value from the conjugate symmetric 
            output, which are necessarily real. The length must be a power 
            of 2.
            </summary>
            <param name="data">The complex data stored as alternating real 
            and imaginary parts</param>
            <param name="forward">true for a forward transform, false for 
            inverse transform</param>
        </member>
        <member name="M:WaveletStudio.FFT.ManagedFFT.Initialize(System.Int32)">
            <summary>
            Call this with the size before using the TableFFT version
            Fills in tables for speed. Done automatically in TableFFT
            </summary>
            <param name="size">The size of the FFT in samples</param>
        </member>
        <member name="M:WaveletStudio.FFT.ManagedFFT.Reverse(System.Double[]@,System.Int32)">
            <summary>
            Swap data indices whenever index i has binary 
            digits reversed from index j, where data is
            two doubles per index.
            </summary>
            <param name="data"></param>
            <param name="n"></param>
        </member>
        <member name="F:WaveletStudio.FFT.ManagedFFT.CosTable">
            <summary>
            Precomputed sin/cos tables for speed
            </summary>
        </member>
        <member name="T:WaveletStudio.Blocks.BlockList">
            <summary>
            Defines a list of blocks
            </summary>
        </member>
        <member name="M:WaveletStudio.Blocks.BlockList.ExecuteAll">
            <summary>
            Executes all the connected blocks in the list
            </summary>
            <returns></returns>
        </member>
        <member name="T:WaveletStudio.Blocks.RampFunctionBlock">
            <summary>
            Generates a Ramp function
            </summary>
        </member>
        <member name="M:WaveletStudio.Blocks.RampFunctionBlock.#ctor">
            <summary>
            Constructor
            </summary>
        </member>
        <member name="M:WaveletStudio.Blocks.RampFunctionBlock.GetFinish">
            <summary>
            Get the finish of the signal considering the seleccted EndingOption
            </summary>
            <returns></returns>
        </member>
        <member name="M:WaveletStudio.Blocks.RampFunctionBlock.Execute">
            <summary>
            Executes the block
            </summary>
        </member>
        <member name="M:WaveletStudio.Blocks.RampFunctionBlock.Clone">
            <summary>
            Clone the block, including the template
            </summary>
            <returns></returns>
        </member>
        <member name="M:WaveletStudio.Blocks.RampFunctionBlock.CloneWithLinks">
            <summary>
            Clones this block but mantains the links
            </summary>
            <returns></returns>
        </member>
        <member name="P:WaveletStudio.Blocks.RampFunctionBlock.Name">
            <summary>
            Name
            </summary>
        </member>
        <member name="P:WaveletStudio.Blocks.RampFunctionBlock.Description">
            <summary>
            Description
            </summary>
        </member>
        <member name="P:WaveletStudio.Blocks.RampFunctionBlock.ProcessingType">
            <summary>
            Processing type
            </summary>
        </member>
        <member name="P:WaveletStudio.Blocks.RampFunctionBlock.Amplitude">
            <summary>
            Amplitude of the signal
            </summary>
        </member>
        <member name="P:WaveletStudio.Blocks.RampFunctionBlock.Offset">
            <summary>
            Distance from the origin
            </summary>
        </member>
        <member name="P:WaveletStudio.Blocks.RampFunctionBlock.Start">
            <summary>
            Start of the signal in time
            </summary>
        </member>
        <member name="P:WaveletStudio.Blocks.RampFunctionBlock.Finish">
            <summary>
            Finish of the signal in time
            </summary>
        </member>
        <member name="P:WaveletStudio.Blocks.RampFunctionBlock.RampStart">
            <summary>
            Start of the ramp in time
            </summary>
        </member>
        <member name="P:WaveletStudio.Blocks.RampFunctionBlock.RampFinish">
            <summary>
            Finish of the ramp in time
            </summary>
        </member>
        <member name="P:WaveletStudio.Blocks.RampFunctionBlock.SamplingRate">
            <summary>
            Sampling rate used on sampling
            </summary>
        </member>
        <member name="P:WaveletStudio.Blocks.RampFunctionBlock.IgnoreLastSample">
            <summary>
            Defines it the last sample will be included in signal
            </summary>
        </member>
        <member name="P:WaveletStudio.Blocks.RampFunctionBlock.SamplingInterval">
            <summary>
            Gets or sets  the interval of samples (1/SamplingRate)
            </summary>
            <returns></returns>
        </member>
        <member name="P:WaveletStudio.Blocks.RampFunctionBlock.ReturnToZero">
            <summary>
            Return the sample value to 0 
            </summary>
        </member>
        <member name="T:WaveletStudio.Blocks.ImportFromCSVBlock">
            <summary>
            Generates a signal based on a CSV file
            </summary>
        </member>
        <member name="M:WaveletStudio.Blocks.ImportFromCSVBlock.#ctor">
            <summary>
            Constructor
            </summary>
        </member>
        <member name="M:WaveletStudio.Blocks.ImportFromCSVBlock.Execute">
            <summary>
            Executes the block
            </summary>
        </member>
        <member name="M:WaveletStudio.Blocks.ImportFromCSVBlock.Clone">
            <summary>
            Clone the block, including the template
            </summary>
            <returns></returns>
        </member>
        <member name="M:WaveletStudio.Blocks.ImportFromCSVBlock.CloneWithLinks">
            <summary>
            Clones this block but mantains the links
            </summary>
            <returns></returns>
        </member>
        <member name="P:WaveletStudio.Blocks.ImportFromCSVBlock.Name">
            <summary>
            Name
            </summary>
        </member>
        <member name="P:WaveletStudio.Blocks.ImportFromCSVBlock.Description">
            <summary>
            Description
            </summary>
        </member>
        <member name="P:WaveletStudio.Blocks.ImportFromCSVBlock.ProcessingType">
            <summary>
            Processing type
            </summary>
        </member>
        <member name="T:WaveletStudio.Blocks.WaveletBlock">
            <summary>
            Wavelet decomposition block
            </summary>
        </member>
        <member name="M:WaveletStudio.Blocks.WaveletBlock.#ctor">
            <summary>
            Constructor
            </summary>
        </member>
        <member name="M:WaveletStudio.Blocks.WaveletBlock.Execute">
            <summary>
            Executes the block
            </summary>
        </member>
        <member name="M:WaveletStudio.Blocks.WaveletBlock.Clone">
            <summary>
            Clone the block, including the template
            </summary>
            <returns></returns>
        </member>
        <member name="M:WaveletStudio.Blocks.WaveletBlock.CloneWithLinks">
            <summary>
            Clones this block but mantains the links
            </summary>
            <returns></returns>
        </member>
        <member name="P:WaveletStudio.Blocks.WaveletBlock.Name">
            <summary>
            Name
            </summary>
        </member>
        <member name="P:WaveletStudio.Blocks.WaveletBlock.Description">
            <summary>
            Description
            </summary>
        </member>
        <member name="P:WaveletStudio.Blocks.WaveletBlock.ProcessingType">
            <summary>
            Processing type
            </summary>
        </member>
        <member name="P:WaveletStudio.Blocks.WaveletBlock.WaveletNameList">
            <summary>
            Available wavelet functions
            </summary>
        </member>
        <member name="P:WaveletStudio.Blocks.WaveletBlock.WaveletName">
            <summary>
            Wavelet function to be used
            </summary>
        </member>
        <member name="P:WaveletStudio.Blocks.WaveletBlock.Level">
            <summary>
            Decomposition level count
            </summary>
        </member>
        <member name="P:WaveletStudio.Blocks.WaveletBlock.ExtensionMode">
            <summary>
            Extension mode
            </summary>
        </member>
        <member name="T:WaveletStudio.Wavelet.MotherWavelet">
            <summary>
            Mother wavelet base class
            </summary>
        </member>
        <member name="M:WaveletStudio.Wavelet.MotherWavelet.#ctor(System.String,System.Double[])">
            <summary>
            Constructior using the name and the scaling filter
            </summary>
            <param name="name">Name of the mother wavelet</param>
            <param name="scalingFilter">The scaling function of the mother wavelet</param>
        </member>
        <member name="M:WaveletStudio.Wavelet.MotherWavelet.#ctor(System.Double[])">
            <summary>
            Constructior using the name and the scaling filter
            </summary>
            <param name="scalingFilter">The scaling function of the mother wavelet</param>
        </member>
        <member name="M:WaveletStudio.Wavelet.MotherWavelet.CalculateFilters">
            <summary>
            Calculates the reconstruction and decomposition filters 
            </summary>
        </member>
        <member name="M:WaveletStudio.Wavelet.MotherWavelet.LoadFromName(System.String)">
            <summary>
            Loads the mother-wavelet by its name. Just a link to CommonMotherWavelets.GetWaveletFromName.
            </summary>
            <param name="name">Mother-wavelet name</param>
            <returns></returns>
        </member>
        <member name="P:WaveletStudio.Wavelet.MotherWavelet.Name">
            <summary>
            Name of the mother wavelet
            </summary>
        </member>
        <member name="P:WaveletStudio.Wavelet.MotherWavelet.ScalingFilter">
            <summary>
            The scaling function of the mother wavelet, used to calculate the filters
            </summary>
        </member>
        <member name="P:WaveletStudio.Wavelet.MotherWavelet.Filters">
            <summary>
            Decomposition and Reconstruction filters
            </summary>
        </member>
        <member name="T:WaveletStudio.Wavelet.MotherWavelet.FiltersStruct">
            <summary>
            Decomposition and Reconstruction filters base-type
            </summary>
        </member>
        <member name="F:WaveletStudio.Wavelet.MotherWavelet.FiltersStruct.DecompositionLowPassFilter">
            <summary>
            Decomposition Low-pass Filter
            </summary>
        </member>
        <member name="F:WaveletStudio.Wavelet.MotherWavelet.FiltersStruct.DecompositionHighPassFilter">
            <summary>
            Decomposition High-pass Filter
            </summary>
        </member>
        <member name="F:WaveletStudio.Wavelet.MotherWavelet.FiltersStruct.ReconstructionLowPassFilter">
            <summary>
            Reconstruction Low-pass Filter
            </summary>
        </member>
        <member name="F:WaveletStudio.Wavelet.MotherWavelet.FiltersStruct.ReconstructionHighPassFilter">
            <summary>
            Reconstruction High-pass Filter
            </summary>
        </member>
        <member name="T:WaveletStudio.Wavelet.DecompositionLevel">
            <summary>
            Used as the return of a DWT operation and as the input of a IDWT operation
            </summary>
        </member>
        <member name="M:WaveletStudio.Wavelet.DecompositionLevel.GetDisturbances(System.Double,System.Int32)">
            <summary>
            Estimates the disturbances in the signal based on the normal distribution of the details coefficients
            </summary>
            <param name="threshold">The higher the threshold, the higher the tolerance in flutuations on energy of the details</param>
            <param name="minimunDistance">Minimun distance between disturbances to consider a new one</param>
            <returns></returns>
        </member>
        <member name="P:WaveletStudio.Wavelet.DecompositionLevel.Index">
            <summary>
            Level index in DWT
            </summary>
        </member>
        <member name="P:WaveletStudio.Wavelet.DecompositionLevel.Approximation">
            <summary>
            Approximation coefficients
            </summary>
        </member>
        <member name="P:WaveletStudio.Wavelet.DecompositionLevel.Details">
            <summary>
            Detais coefficients
            </summary>
        </member>
        <member name="P:WaveletStudio.Wavelet.DecompositionLevel.Signal">
            <summary>
            Signal from which this level was created
            </summary>
        </member>
        <member name="T:WaveletStudio.Wavelet.DecompositionLevel.Disturbance">
            <summary>
            Single disturbance identified in a signal
            </summary>
        </member>
        <member name="F:WaveletStudio.Wavelet.DecompositionLevel.Disturbance.Start">
            <summary>
            Start of the disturbance in the details level (index of the sample)
            </summary>
        </member>
        <member name="F:WaveletStudio.Wavelet.DecompositionLevel.Disturbance.Finish">
            <summary>
            Finish of the disturbance in the details level (index of the sample)
            </summary>
        </member>
        <member name="F:WaveletStudio.Wavelet.DecompositionLevel.Disturbance.SignalStart">
            <summary>
            Start of the disturbance in the signal (index of the sample)
            </summary>
        </member>
        <member name="F:WaveletStudio.Wavelet.DecompositionLevel.Disturbance.SignalFinish">
            <summary>
            Finish of the disturbance in the signal (index of the sample)
            </summary>
        </member>
        <member name="T:WaveletStudio.SignalGeneration.Square">
            <summary>
             Create a signal based on a square wave: y(x) = A * sign(sin(2 * PI * (f*x+phi))) + D, where: 
             A   -> Amplitude
             f   -> Frequency
             phi -> Phase
             D   -> Offset
            </summary>
        </member>
        <member name="M:WaveletStudio.SignalGeneration.Square.ExecuteSampler">
            <summary>
            Generates the signal
            </summary>
            <returns></returns>
        </member>
        <member name="P:WaveletStudio.SignalGeneration.Square.Name">
            <summary>
            Name
            </summary>
        </member>
        <member name="T:WaveletStudio.MemoryPool">
            <summary>
            Memory pool serving as temporary storage for System.Array objects.
            Based in the ILNumerics Memory Pool.
            </summary>
            <remarks>The pool reduces the pressure on the systems memory done by larger objects.
            <para>Arrays created in ILNumerics.Net will try to reclaim its memory from this pool. If attempt fails, the memory is gathered from the managed heap normally.</para>
            <para>Disposed array objects register their underlying System.Array in the pool for later reusing. The process is triggered by the garbage collector or by the user calling the Dispose function available for all array objects.</para></remarks>
        </member>
        <member name="F:WaveletStudio.MemoryPool.Pool">
            <summary>
            The only global ILMemoryPool instance
            </summary>
        </member>
        <member name="M:WaveletStudio.MemoryPool.Reset(System.Int32,System.Int32)">
            <summary>
            Reset and reconfigure the pool 
            </summary>
            <param name="minArrayLength">Minimum length for array object to be stored inside the pool</param>
            <param name="poolSizeMB">Overall size the memory pool consumes at most</param>
            <remarks>Reset will dispose all objects currently hold in the pool!</remarks>
        </member>
        <member name="M:WaveletStudio.MemoryPool.DisposeContent">
            <summary>
            Dispose all object currently hold in the pool 
            </summary>
            <remarks>The pool get cleared and continues working with the same parameters after the call has finished. </remarks>
        </member>
        <member name="M:WaveletStudio.MemoryPool.RegisterObject``1(``0[])">
            <summary>
            Register an array object of value type in the pool
            </summary>
            <typeparam name="T">value type</typeparam>
            <param name="arr">value type array</param>
            <remarks><para>In order to be stored in the pool, the array must meet the minimum array length and must fit into the global pool size.
            Null objects or empty arrays or array not suitable for the pool will be silently ignored.</para>
            <para>If the new array is too large to fit into the remaining pool space, the oldest objects in the pool will be released until the object can get registered.</para></remarks>
        </member>
        <member name="M:WaveletStudio.MemoryPool.New``1(System.Int32)">
            <summary>
            Request a System.Array instance
            </summary>
            <typeparam name="T">value type</typeparam>
            <param name="length">length of array</param>
            <returns>System.Array - either from the pool or a newly created array</returns>
            <remarks><para>If a suitable System.Array was found in the pool, this object is returned. Otherwise a new array is created.</para>
            <para>There is no way of determining, if the array was recalimed from pool or newly created! If you must be sure, the element values are set to default(T), call the overloaded version <see cref="M:WaveletStudio.MemoryPool.New``1(System.Int32,System.Boolean,System.Boolean@)"/> instead!</para>
            <para>If a new array could not get created due to an OutOfMemoryException, a garbage collection is triggered and the array is again requested from the pool. If this failes again, another attempt to create the array is done. Exceptions may thrown from this last attempt are not catched and transported back to the callee.</para></remarks>
        </member>
        <member name="M:WaveletStudio.MemoryPool.New``1(System.Int32,System.Boolean)">
            <summary>
            Request a System.Array instance and optionally clear the array
            </summary>
            <typeparam name="T">value type</typeparam>
            <param name="length">length of array</param>
            <param name="clear">if true, the elements of the array returned are set to default(T).</param>
            <returns>System.Array - either from the pool or a newly created array</returns>
            <remarks><para>If a suitable System.Array was found in the pool, this object is returned. Otherwise a new array is created.</para>
            <para>If the <paramref name="clear">clear </paramref> parameter was set to false, the iscleared parameter can be used to determine, if the object was returnd from the pool and may need extra clearing.</para>
            <para>If a new array could not get created due to an OutOfMemoryException, a garbage collection is triggered and the array is again requested from the pool. If this failes again, another attempt to create the array is done. Exceptions eventually thrown from this last attempt are not catched and transported back to the callee.</para></remarks>
        </member>
        <member name="M:WaveletStudio.MemoryPool.New``1(System.Int32,System.Boolean,System.Boolean@)">
            <summary>
            Request a System.Array instance and optionally clear the array
            </summary>
            <typeparam name="T">value type</typeparam>
            <param name="length">length of array</param>
            <param name="clear">if true, the elements of the array returned are set to default(T).</param>
            <param name="iscleared">out paramater determining if the array returned has been cleared</param>
            <returns>System.Array - either from the pool or a newly created array</returns>
            <remarks><para>If a suitable System.Array was found in the pool, this object is returned. Otherwise a new array is created.</para>
            <para>If the <paramref name="clear">clear </paramref> parameter was set to false, the <paramref name="iscleared">iscleared</paramref> parameter can be used to determine, if the object was returnd from the pool and may need extra clearing.</para>
            <para>If a new array could not get created due to an OutOfMemoryException, a garbage collection is triggered and the array is again requested from the pool. If this failes again, another attempt to create the array is done. Exceptions eventually thrown from this last attempt are not catched and transported back to the callee.</para></remarks>
        </member>
        <member name="M:WaveletStudio.MemoryPool.Info(System.Boolean,System.Boolean)">
            <summary>
            Give infos about pool state, optionally reset counters
            </summary>
            <param name="shortVersion">true: abbreviate infos to: current MB in Pool, reclaimed MB for livetime, reclaimed objects for livetime. False: give full info (see below)</param>
            <param name="reset">true: reset internal counter for reclaimed objects/ - bytes</param>
            <returns>infos about current pool state</returns>
        </member>
        <member name="M:WaveletStudio.MemoryPool.Info">
            <summary>
            Give extended infos about pool state
            </summary>
            <returns>Full info about current and reclaimed pool objects</returns>
            <remarks>For short version infos use the overloaded version <see cref="M:WaveletStudio.MemoryPool.Info(System.Boolean)"/></remarks>
        </member>
        <member name="M:WaveletStudio.MemoryPool.Info(System.Boolean)">
            <summary>
            Give infos about pool state, optionally reset counters
            </summary>
            <param name="shortVersion">true: abbreviate infos to: current MB in Pool, reclaimed MB for livetime, reclaimed objects for livetime. False: give full info (see below)</param>
            <returns>infos about current pool state</returns>
        </member>
        <member name="M:WaveletStudio.MemoryPool.Collect(System.Int32)">
            <summary>
            Collect all pending objects waiting for garbage cleaning and finalization
            </summary>
            <param name="generations">collect objects of given generations number only</param>
            <remarks>This function will return, if a garbage collector run and all subsequent finalizers has been completed.
            <para>After the function returns, all pending arrays not referenced from anywhere will have been placed into the pool for reusement.</para></remarks>
        </member>
        <member name="M:WaveletStudio.MemoryPool.Collect">
            <summary>
            Collect all pending objects waiting for garbage cleaning and finalization
            </summary>
            <remarks>This function will return, if a garbage collector run and all subsequent 
            finalizers has been completed.
            <para>After the function returns, all pending arrays not referenced from anywhere will have been placed 
            into the pool for reusement. Therefore this function should only be called, 
            in order to prepare the pool directly <b>before</b> requesting large amounts of memory. 
            </para></remarks>
        </member>
        <member name="P:WaveletStudio.MemoryPool.ReclaimedBytesCount">
            <summary>
            Number of reclaimed bytes since the pool exists
            </summary>
            <remarks>The counter will be reset by calls to</remarks>
        </member>
        <member name="P:WaveletStudio.MemoryPool.ReclaimedObjectsCount">
            <summary>
            Number of reclaimed objects since the pool exists
            </summary>
            <remarks>The counter will be reset by calls to</remarks>
        </member>
        <member name="T:WaveletStudio.Wavelet.CommonMotherWavelets">
            <summary>
            Provides common mother wavelets, like Daubechies, Haar, etc.
            </summary>
        </member>
        <member name="M:WaveletStudio.Wavelet.CommonMotherWavelets.GetWaveletFromName(System.String)">
            <summary>
            Gets the Mother Wavelet object base on it name. Returns null if the name is not found.
            </summary>
            <param name="name">The name of the wavelet. Examples: db4, haar, sym2, dmeyer, coif3</param>
            <returns></returns>
        </member>
        <member name="P:WaveletStudio.Wavelet.CommonMotherWavelets.Wavelets">
            <summary>
            List of wavelets. 
            </summary>
        </member>
        <member name="T:WaveletStudio.Blocks.CustomAttributes.SingleInputOutputBlock">
            <summary>
            Defines a block that receives nothing or only one signal as input and returns only one signal as output
            </summary>
        </member>
        <member name="T:WaveletStudio.Blocks.DownSampleBlock">
            <summary>
            Executes a scalar operation in a signal
            </summary>
        </member>
        <member name="M:WaveletStudio.Blocks.DownSampleBlock.#ctor">
            <summary>
            Constructor
            </summary>
        </member>
        <member name="M:WaveletStudio.Blocks.DownSampleBlock.Execute">
            <summary>
            Executes the block
            </summary>
        </member>
        <member name="M:WaveletStudio.Blocks.DownSampleBlock.Clone">
            <summary>
            Clones this block
            </summary>
            <returns></returns>
        </member>
        <member name="M:WaveletStudio.Blocks.DownSampleBlock.CloneWithLinks">
            <summary>
            Clones this block but mantains the links
            </summary>
            <returns></returns>
        </member>
        <member name="P:WaveletStudio.Blocks.DownSampleBlock.Name">
            <summary>
            Name of the block
            </summary>
        </member>
        <member name="P:WaveletStudio.Blocks.DownSampleBlock.Description">
            <summary>
            Description of the block
            </summary>
        </member>
        <member name="P:WaveletStudio.Blocks.DownSampleBlock.ProcessingType">
            <summary>
            Processing type
            </summary>
        </member>
        <member name="T:WaveletStudio.Wavelet.Dwt">
            <summary>
            Discreet Wavelet Transform and its inverse
            </summary>
        </member>
        <member name="M:WaveletStudio.Wavelet.Dwt.ExecuteDwt(WaveletStudio.Signal,WaveletStudio.Wavelet.MotherWavelet,System.Int32,WaveletStudio.SignalExtension.ExtensionMode,WaveletStudio.Functions.ConvolutionModeEnum)">
            <summary>
            Multilevel 1-D Discreete Wavelet Transform
            </summary>
            <param name="signal">The signal. Example: new Signal(5, 6, 7, 8, 1, 2, 3, 4)</param>
            <param name="motherWavelet">The mother wavelet to be used. Example: CommonMotherWavelets.GetWaveletFromName("DB4")</param>
            <param name="level">The depth-level to perform the DWT</param>
            <param name="extensionMode">Signal extension mode</param>
            <param name="convolutionMode">Defines what convolution function should be used</param>
            <returns></returns>
        </member>
        <member name="M:WaveletStudio.Wavelet.Dwt.ExecuteIDwt(System.Collections.Generic.List{WaveletStudio.Wavelet.DecompositionLevel},WaveletStudio.Wavelet.MotherWavelet,System.Int32,WaveletStudio.Functions.ConvolutionModeEnum)">
            <summary>
            Multilevel inverse discrete 1-D wavelet transform
            </summary>
            <param name="decompositionLevels">The decomposition levels of the DWT</param>
            <param name="motherWavelet">The mother wavelet to be used. Example: CommonMotherWavelets.GetWaveletFromName("DB4") </param>
            <param name="level">The depth-level to perform the DWT</param>
            <param name="convolutionMode">Defines what convolution function should be used</param>
            <returns></returns>
        </member>
        <member name="T:WaveletStudio.Utils">
            <summary>
            Utils methods
            </summary>
        </member>
        <member name="M:WaveletStudio.Utils.GetTypes(System.String)">
            <summary>
            Gets the types in a namespace
            </summary>
            <param name="namespaceName"></param>
            <returns></returns>
        </member>
        <member name="M:WaveletStudio.Utils.GetType(System.String)">
            <summary>
            Gets a type based on its fullname
            </summary>
            <param name="fullname"></param>
            <returns></returns>
        </member>
        <member name="P:WaveletStudio.Utils.AssemblyDirectory">
            <summary>
            Get current directory
            </summary>
        </member>
        <member name="T:WaveletStudio.Functions.ManagedFFTModeEnum">
            <summary>
            Computation mode
            </summary>
        </member>
        <member name="F:WaveletStudio.Functions.ManagedFFTModeEnum.UseLookupTable">
            <summary>
            Store the trigonometric values in a table (faster)
            </summary>
        </member>
        <member name="F:WaveletStudio.Functions.ManagedFFTModeEnum.DynamicTrigonometricValues">
            <summary>
            Dynamicaly compute the trigonometric values (use less memory)
            </summary>
        </member>
        <member name="T:WaveletStudio.SignalGeneration.Binary">
            <summary>
             Create a binary wave: y(x) = 0, 1, 0, 1, 0, 1....
            </summary>
        </member>
        <member name="M:WaveletStudio.SignalGeneration.Binary.ExecuteSampler">
            <summary>
            Generates the signal
            </summary>
            <returns></returns>
        </member>
        <member name="P:WaveletStudio.SignalGeneration.Binary.Name">
            <summary>
            Name
            </summary>
        </member>
        <member name="T:WaveletStudio.Blocks.SampleBasedOperationBlock">
            <summary>
            Sum two or more signals
            </summary>
        </member>
        <member name="M:WaveletStudio.Blocks.SampleBasedOperationBlock.#ctor">
            <summary>
            Constructor
            </summary>
        </member>
        <member name="M:WaveletStudio.Blocks.SampleBasedOperationBlock.Execute">
            <summary>
            Executes the block
            </summary>
        </member>
        <member name="M:WaveletStudio.Blocks.SampleBasedOperationBlock.Clone">
            <summary>
            Clones this block
            </summary>
            <returns></returns>
        </member>
        <member name="M:WaveletStudio.Blocks.SampleBasedOperationBlock.CloneWithLinks">
            <summary>
            Clones this block but mantains the links
            </summary>
            <returns></returns>
        </member>
        <member name="P:WaveletStudio.Blocks.SampleBasedOperationBlock.Name">
            <summary>
            Name of the block
            </summary>
        </member>
        <member name="P:WaveletStudio.Blocks.SampleBasedOperationBlock.Description">
            <summary>
            Description of the block
            </summary>
        </member>
        <member name="P:WaveletStudio.Blocks.SampleBasedOperationBlock.ProcessingType">
            <summary>
            Processing type
            </summary>
        </member>
        <member name="P:WaveletStudio.Blocks.SampleBasedOperationBlock.Operation">
            <summary>
            Math operation to be used
            </summary>
        </member>
    </members>
</doc>
